{
    "epochs": [
        {
            "epoch": 1,
            "train_loss": 3.4022193321681735,
            "train_tasks_metrics": {
                "emotion": {
                    "acc": 0.5069343595701423,
                    "f1": 0.5188384164629681,
                    "prec": 0.5369160501059029,
                    "rec": 0.5069343595701423,
                    "report": "              precision    recall  f1-score   support\n\n           0       0.16      0.22      0.18      1421\n           1       0.15      0.22      0.18      1371\n           2       0.12      0.04      0.06       788\n           3       0.62      0.58      0.60      8818\n           4       0.71      0.62      0.66     10724\n           5       0.18      0.30      0.23      1063\n           6       0.32      0.36      0.34      3359\n\n    accuracy                           0.51     27544\n   macro avg       0.32      0.34      0.32     27544\nweighted avg       0.54      0.51      0.52     27544\n"
                },
                "sub_emotion": {
                    "acc": 0.4509148997966889,
                    "f1": 0.35837803257196454,
                    "prec": 0.33467238056549137,
                    "rec": 0.4509148997966889,
                    "report": "              precision    recall  f1-score   support\n\n           0       0.20      0.14      0.16       661\n           1       0.00      0.00      0.00       529\n           2       0.00      0.00      0.00       262\n           3       0.15      0.10      0.12      1159\n           4       0.15      0.10      0.12       739\n           5       0.00      0.00      0.00       357\n           6       0.31      0.12      0.17      1888\n           7       0.55      0.58      0.56      3181\n           8       0.50      0.00      0.01       373\n           9       0.00      0.00      0.00       570\n          10       0.20      0.25      0.22      1224\n          11       0.00      0.00      0.00       147\n          12       0.00      0.00      0.00        63\n          13       0.06      0.01      0.02       629\n          14       0.00      0.00      0.00       437\n          15       0.09      0.10      0.09       393\n          16       0.00      0.00      0.00        23\n          17       0.00      0.00      0.00       260\n          18       0.00      0.00      0.00       139\n          19       0.00      0.00      0.00       288\n          20       0.51      0.90      0.65     10724\n          21       0.11      0.01      0.01       861\n          22       0.01      0.00      0.00       441\n          23       0.02      0.00      0.01       689\n          24       0.00      0.00      0.00       255\n          25       0.00      0.00      0.00       137\n          26       0.00      0.00      0.00       333\n          27       0.57      0.12      0.20       782\n\n    accuracy                           0.45     27544\n   macro avg       0.12      0.09      0.08     27544\nweighted avg       0.33      0.45      0.36     27544\n"
                },
                "intensity": {
                    "acc": 0.7560630264304385,
                    "f1": 0.7089914206142058,
                    "prec": 0.6890671906820617,
                    "rec": 0.7560630264304385,
                    "report": "              precision    recall  f1-score   support\n\n           0       0.79      0.94      0.86     20843\n           1       0.43      0.21      0.28      5540\n           2       0.05      0.00      0.00      1161\n\n    accuracy                           0.76     27544\n   macro avg       0.42      0.39      0.38     27544\nweighted avg       0.69      0.76      0.71     27544\n"
                }
            },
            "val_loss": 2.998349313791987,
            "val_tasks_metrics": {
                "emotion": {
                    "acc": 0.5893498856582816,
                    "f1": 0.6012902642117386,
                    "prec": 0.6295454856250818,
                    "rec": 0.5893498856582816,
                    "report": "              precision    recall  f1-score   support\n\n           0       0.22      0.13      0.17       158\n           1       0.25      0.38      0.30       152\n           2       0.25      0.15      0.19        88\n           3       0.73      0.65      0.69       980\n           4       0.79      0.67      0.72      1192\n           5       0.23      0.49      0.31       118\n           6       0.40      0.58      0.47       373\n\n    accuracy                           0.59      3061\n   macro avg       0.41      0.44      0.41      3061\nweighted avg       0.63      0.59      0.60      3061\n"
                },
                "sub_emotion": {
                    "acc": 0.5073505390395295,
                    "f1": 0.42480103393549434,
                    "prec": 0.39403247794347446,
                    "rec": 0.5073505390395295,
                    "report": "              precision    recall  f1-score   support\n\n           0       0.27      0.38      0.32        90\n           1       0.00      0.00      0.00        52\n           2       0.00      0.00      0.00        29\n           3       0.25      0.05      0.09       129\n           4       0.20      0.32      0.25        85\n           5       0.00      0.00      0.00        43\n           6       0.46      0.28      0.34       225\n           7       0.62      0.68      0.65       330\n           8       0.00      0.00      0.00        44\n           9       0.00      0.00      0.00        71\n          10       0.20      0.50      0.29       135\n          11       0.00      0.00      0.00        17\n          12       0.00      0.00      0.00         8\n          13       0.00      0.00      0.00        73\n          14       0.00      0.00      0.00        41\n          15       0.56      0.61      0.58        38\n          16       0.00      0.00      0.00         7\n          17       0.00      0.00      0.00        29\n          18       0.00      0.00      0.00        20\n          19       0.00      0.00      0.00        39\n          20       0.58      0.90      0.71      1192\n          21       0.33      0.01      0.02        94\n          22       0.00      0.00      0.00        54\n          23       0.00      0.00      0.00        64\n          24       0.00      0.00      0.00        28\n          25       0.00      0.00      0.00        10\n          26       0.00      0.00      0.00        30\n          27       0.59      0.45      0.51        84\n\n    accuracy                           0.51      3061\n   macro avg       0.15      0.15      0.13      3061\nweighted avg       0.39      0.51      0.42      3061\n"
                },
                "intensity": {
                    "acc": 0.7621692257432212,
                    "f1": 0.7177354768513631,
                    "prec": 0.695370651784342,
                    "rec": 0.7621692257432212,
                    "report": "              precision    recall  f1-score   support\n\n           0       0.80      0.95      0.87      2282\n           1       0.48      0.27      0.35       633\n           2       0.00      0.00      0.00       146\n\n    accuracy                           0.76      3061\n   macro avg       0.43      0.41      0.40      3061\nweighted avg       0.70      0.76      0.72      3061\n"
                }
            }
        }
    ],
    "best_validation_f1s": {
        "emotion": 0.6012902642117386,
        "sub_emotion": 0.42480103393549434,
        "intensity": 0.7177354768513631
    },
    "best_overall_validation_emotion_f1": 0.6012902642117386
}
