{
    "epochs": [
        {
            "epoch": 1,
            "train_loss": 4.437449320502903,
            "train_tasks_metrics": {
                "emotion": {
                    "acc": 0.3741496598639456,
                    "f1": 0.34436613584466463,
                    "prec": 0.3389846823858264,
                    "rec": 0.3741496598639456,
                    "report": "              precision    recall  f1-score   support\n\n           0       0.00      0.00      0.00        14\n           1       0.02      0.03      0.02        29\n           2       0.00      0.00      0.00        32\n           3       0.46      0.39      0.42       336\n           4       0.37      0.60      0.46       235\n           5       0.17      0.03      0.06        30\n           6       0.00      0.00      0.00        59\n\n    accuracy                           0.37       735\n   macro avg       0.15      0.15      0.14       735\nweighted avg       0.34      0.37      0.34       735\n"
                },
                "sub_emotion": {
                    "acc": 0.2789115646258503,
                    "f1": 0.16142294189476367,
                    "prec": 0.11799440869208312,
                    "rec": 0.2789115646258503,
                    "report": "              precision    recall  f1-score   support\n\n           0       0.00      0.00      0.00        59\n           1       0.00      0.00      0.00        20\n           2       0.00      0.00      0.00         2\n           3       0.00      0.00      0.00        12\n           4       0.05      0.04      0.05        45\n           5       0.00      0.00      0.00         9\n           6       0.00      0.00      0.00        27\n           7       0.00      0.00      0.00        29\n           8       0.00      0.00      0.00        12\n           9       0.00      0.00      0.00        22\n          10       0.00      0.00      0.00        28\n          11       0.00      0.00      0.00         1\n          12       0.00      0.00      0.00         5\n          13       0.14      0.09      0.11        65\n          14       0.00      0.00      0.00         5\n          15       0.00      0.00      0.00         5\n          17       0.00      0.00      0.00         9\n          19       0.00      0.00      0.00        22\n          20       0.32      0.84      0.47       235\n          21       0.00      0.00      0.00        52\n          22       0.00      0.00      0.00        23\n          23       0.00      0.00      0.00         9\n          24       0.00      0.00      0.00         8\n          25       0.00      0.00      0.00         3\n          26       0.00      0.00      0.00         5\n          27       0.00      0.00      0.00        23\n\n    accuracy                           0.28       735\n   macro avg       0.02      0.04      0.02       735\nweighted avg       0.12      0.28      0.16       735\n"
                },
                "intensity": {
                    "acc": 0.6217687074829932,
                    "f1": 0.4867152345571799,
                    "prec": 0.46226894798323365,
                    "rec": 0.6217687074829932,
                    "report": "              precision    recall  f1-score   support\n\n           0       0.63      0.98      0.77       462\n           1       0.22      0.01      0.02       226\n           2       0.00      0.00      0.00        47\n\n    accuracy                           0.62       735\n   macro avg       0.28      0.33      0.26       735\nweighted avg       0.46      0.62      0.49       735\n"
                }
            },
            "val_loss": 4.241428570313887,
            "val_tasks_metrics": {
                "emotion": {
                    "acc": 0.4268292682926829,
                    "f1": 0.3751739544422471,
                    "prec": 0.3488865323435843,
                    "rec": 0.4268292682926829,
                    "report": "              precision    recall  f1-score   support\n\n           0       0.00      0.00      0.00         2\n           1       0.00      0.00      0.00         3\n           2       0.00      0.00      0.00         4\n           3       0.50      0.47      0.49        38\n           4       0.37      0.65      0.47        26\n           5       0.00      0.00      0.00         3\n           6       0.00      0.00      0.00         6\n\n    accuracy                           0.43        82\n   macro avg       0.12      0.16      0.14        82\nweighted avg       0.35      0.43      0.38        82\n"
                },
                "sub_emotion": {
                    "acc": 0.3170731707317073,
                    "f1": 0.15266485998193313,
                    "prec": 0.10053539559785842,
                    "rec": 0.3170731707317073,
                    "report": "              precision    recall  f1-score   support\n\n           0       0.00      0.00      0.00         7\n           1       0.00      0.00      0.00         2\n           3       0.00      0.00      0.00         2\n           4       0.00      0.00      0.00         9\n           5       0.00      0.00      0.00         1\n           6       0.00      0.00      0.00         3\n           7       0.00      0.00      0.00         3\n           9       0.00      0.00      0.00         3\n          10       0.00      0.00      0.00         3\n          13       0.00      0.00      0.00         4\n          15       0.00      0.00      0.00         1\n          19       0.00      0.00      0.00         4\n          20       0.32      1.00      0.48        26\n          21       0.00      0.00      0.00         8\n          22       0.00      0.00      0.00         2\n          24       0.00      0.00      0.00         1\n          27       0.00      0.00      0.00         3\n\n    accuracy                           0.32        82\n   macro avg       0.02      0.06      0.03        82\nweighted avg       0.10      0.32      0.15        82\n"
                },
                "intensity": {
                    "acc": 0.7317073170731707,
                    "f1": 0.6183442116111302,
                    "prec": 0.5353955978584176,
                    "rec": 0.7317073170731707,
                    "report": "              precision    recall  f1-score   support\n\n           0       0.73      1.00      0.85        60\n           1       0.00      0.00      0.00        20\n           2       0.00      0.00      0.00         2\n\n    accuracy                           0.73        82\n   macro avg       0.24      0.33      0.28        82\nweighted avg       0.54      0.73      0.62        82\n"
                }
            }
        }
    ],
    "best_validation_f1s": {
        "emotion": 0.3751739544422471,
        "sub_emotion": 0.15266485998193313,
        "intensity": 0.6183442116111302
    },
    "best_overall_validation_emotion_f1": 0.3751739544422471
}
